{
  "IDs": [
    1,
    3
  ],
  "Names": [
    "Awrej Ansaree",
    "MD Kaif Miya"
  ],
  "Class": [
    "10 - Diploma",
    "10 - Diploma"
  ],
  "Encodings": [
    [
      -0.1394454538822174,
      0.06513644754886627,
      0.055393196642398834,
      0.014633333310484886,
      0.016560561954975128,
      0.0004873895086348057,
      0.058213695883750916,
      -0.022587861865758896,
      0.1361541599035263,
      -0.03294387087225914,
      0.22467243671417236,
      0.031440265476703644,
      -0.18590758740901947,
      -0.1333456039428711,
      0.0467180535197258,
      0.11424672603607178,
      -0.15431924164295197,
      -0.10233911871910095,
      -0.04987051710486412,
      -0.04840679466724396,
      0.033909812569618225,
      0.050460170954465866,
      0.017935175448656082,
      0.09855232387781143,
      -0.1495944708585739,
      -0.31397268176078796,
      -0.023954074829816818,
      -0.17199933528900146,
      0.007194513455033302,
      -0.12671157717704773,
      0.014066099189221859,
      0.12392636388540268,
      -0.17857953906059265,
      -0.021143779158592224,
      -0.02456504851579666,
      0.07347071170806885,
      -0.0019275425001978874,
      -0.024501241743564606,
      0.1591542810201645,
      -0.03010287508368492,
      -0.1034296527504921,
      -0.04849198833107948,
      0.040551260113716125,
      0.28794705867767334,
      0.11667723953723907,
      -0.023499708622694016,
      0.020040662959218025,
      0.019254056736826897,
      0.08044981211423874,
      -0.20702522993087769,
      -0.0209179874509573,
      0.06793579459190369,
      0.16511264443397522,
      0.0765024796128273,
      0.07958531379699707,
      -0.14669999480247498,
      0.03912489861249924,
      -0.022487834095954895,
      -0.15099728107452393,
      0.037171076983213425,
      -0.043317168951034546,
      -0.034224506467580795,
      -0.004450739361345768,
      -0.007523407228291035,
      0.23857645690441132,
      -0.00872131995856762,
      -0.08453027904033661,
      -0.06192377209663391,
      0.13839849829673767,
      -0.07758490741252899,
      -0.036933980882167816,
      0.09785625338554382,
      -0.10817937552928925,
      -0.17584314942359924,
      -0.22774089872837067,
      0.08434999734163284,
      0.2839719355106354,
      0.12238450348377228,
      -0.17485710978507996,
      0.08796361833810806,
      -0.1374407410621643,
      -0.015983927994966507,
      -0.016850978136062622,
      -0.008691349066793919,
      -0.1102760061621666,
      0.056180231273174286,
      -0.11365576088428497,
      0.0904865637421608,
      0.1654973179101944,
      0.013712113723158836,
      -0.022145621478557587,
      0.18550530076026917,
      0.003798290155827999,
      -0.011055217124521732,
      0.035457782447338104,
      -0.03213182091712952,
      -0.017029186710715294,
      0.052327711135149,
      -0.11078321188688278,
      0.016467522829771042,
      0.11399124562740326,
      -0.09772870689630508,
      0.026374997571110725,
      0.09189090877771378,
      -0.2233474999666214,
      0.10198184847831726,
      0.03266940265893936,
      -0.010853566229343414,
      0.05026979371905327,
      0.112693190574646,
      -0.2223566770553589,
      -0.02126467041671276,
      0.1177673265337944,
      -0.28931647539138794,
      0.20162208378314972,
      0.1419019103050232,
      0.016371993348002434,
      0.11735862493515015,
      0.03822564333677292,
      0.06542602926492691,
      -0.051112666726112366,
      -0.03423822671175003,
      -0.1254497766494751,
      -0.060143135488033295,
      0.17716084420681,
      -0.013140924274921417,
      0.02840309962630272,
      0.032589443027973175
    ],
    [
      -0.09346561878919601,
      0.14724428951740265,
      0.018309295177459717,
      0.002272107405588031,
      -0.051304567605257034,
      -0.011625153012573719,
      -0.0013489052653312683,
      -0.047488149255514145,
      0.17376625537872314,
      -0.0844370573759079,
      0.19656522572040558,
      -0.0081685995683074,
      -0.10483866184949875,
      -0.12606181204319,
      -0.01619669795036316,
      0.10058684647083282,
      -0.15590155124664307,
      -0.11796504259109497,
      -0.07279105484485626,
      -0.02304072305560112,
      0.09521174430847168,
      -0.018910160288214684,
      0.00928468257188797,
      0.059383030980825424,
      -0.13026116788387299,
      -0.3367394208908081,
      -0.06816878914833069,
      -0.09598202258348465,
      0.15402346849441528,
      -0.13046413660049438,
      -0.031575947999954224,
      -0.04028228297829628,
      -0.2123376429080963,
      -0.05050252377986908,
      -0.05745619535446167,
      0.05146549269556999,
      0.0015387415187433362,
      -0.04522526264190674,
      0.17918001115322113,
      0.01229165680706501,
      -0.17449021339416504,
      0.005149320233613253,
      -0.008499782532453537,
      0.3447636663913727,
      0.19874878227710724,
      -0.010405167937278748,
      -0.0023914314806461334,
      -0.03363245353102684,
      0.04736597090959549,
      -0.17398425936698914,
      0.08937707543373108,
      0.1453937590122223,
      0.11416036635637283,
      0.08270896226167679,
      0.04518335312604904,
      -0.04162520915269852,
      0.04266081750392914,
      0.06228894367814064,
      -0.16963912546634674,
      0.06190861016511917,
      0.11514516919851303,
      -0.0010997112840414047,
      0.016365021467208862,
      -0.010487306863069534,
      0.2744426727294922,
      0.03644830361008644,
      -0.0922846645116806,
      -0.143268421292305,
      0.084103062748909,
      -0.17882438004016876,
      0.0025594495236873627,
      0.016798462718725204,
      -0.05687057599425316,
      -0.1534225046634674,
      -0.2273043841123581,
      0.11548496782779694,
      0.4128102660179138,
      0.22163400053977966,
      -0.23267114162445068,
      0.05755133926868439,
      -0.19745337963104248,
      -0.07271087914705276,
      0.15413282811641693,
      0.054642267525196075,
      -0.034615203738212585,
      0.021745989099144936,
      -0.13431444764137268,
      0.042504772543907166,
      0.1956736147403717,
      -0.014275307767093182,
      -0.005544323939830065,
      0.23248916864395142,
      0.04128937050700188,
      -0.07387279719114304,
      0.013303516432642937,
      -0.046015895903110504,
      -0.12926270067691803,
      0.07556939125061035,
      -0.08150051534175873,
      -0.026102080941200256,
      0.048566676676273346,
      -0.0863560289144516,
      0.018435712903738022,
      0.10956942290067673,
      -0.18351197242736816,
      0.1715938001871109,
      0.05913833528757095,
      0.0066750543192029,
      0.09105236828327179,
      0.08065562695264816,
      -0.19945724308490753,
      -0.15585032105445862,
      0.12985935807228088,
      -0.22836261987686157,
      0.18747609853744507,
      0.13439883291721344,
      0.09381771832704544,
      0.1268012374639511,
      0.1184958666563034,
      0.1523306667804718,
      0.03463856875896454,
      0.017482595518231392,
      -0.07449265569448471,
      0.0060244216583669186,
      0.041035495698451996,
      -0.04415120184421539,
      0.07406596839427948,
      0.0339990071952343
    ]
  ]
}